{
  "$schema": "https://biomejs.dev/schemas/1.9.4/schema.json",
  "organizeImports": {
    "enabled": true
  },
  "linter": {
    "enabled": true,
    "rules": {
      "recommended": true,
      "complexity": {
        "noExcessiveCognitiveComplexity": "error",
        "noExtraBooleanCast": "error",
        "noMultipleSpacesInRegularExpressionLiterals": "error",
        "noUselessCatch": "error",
        "noWith": "error"
      },
      "correctness": {
        "noUnusedVariables": "error",
        "noUnusedImports": "error",
        "noUnnecessaryContinue": "error",
        "noUnreachable": "error",
        "noConstAssign": "error",
        "noConstantCondition": "warn",
        "noConstructorReturn": "error",
        "noEmptyCharacterClassInRegex": "error",
        "noEmptyPattern": "error",
        "noGlobalObjectCalls": "error",
        "noInnerDeclarations": "error",
        "noInvalidConstructorSuper": "error",
        "noInvalidUseBeforeDeclaration": "error",
        "noNewSymbol": "error",
        "noNonoctalDecimalEscape": "error",
        "noPrecisionLoss": "error",
        "noSelfAssign": "error",
        "noSetterReturn": "error",
        "noUndeclaredVariables": "error",
        "noUnreachableSuper": "error",
        "noUnsafeFinally": "error",
        "noUnusedLabels": "error",
        "noUnusedPrivateClassMembers": "error",
        "useArrayLiterals": "error",
        "useJsxKeyInIterable": "error",
        "useValidForDirection": "error",
        "useYield": "error"
      },
      "security": {
        "noDangerouslySetInnerHtml": "error",
        "noGlobalEval": "error"
      },
      "performance": {
        "noDelete": "error"
      },
      "suspicious": {
        "noConsoleLog": "warn",
        "noExplicitAny": "warn",
        "noAsyncPromiseExecutor": "error",
        "noCatchAssign": "error",
        "noClassAssign": "error",
        "noCompareNegZero": "error",
        "noControlCharactersInRegex": "error",
        "noDebugger": "error",
        "noDuplicateCase": "error",
        "noDuplicateClassMembers": "error",
        "noDuplicateObjectKeys": "error",
        "noDuplicateParameters": "error",
        "noEmptyBlockStatements": "warn",
        "noFallthroughSwitchClause": "error",
        "noFunctionAssign": "error",
        "noGlobalAssign": "error",
        "noGlobalIsFinite": "error",
        "noImportAssign": "error",
        "noMisleadingCharacterClass": "error",
        "noPrototypeBuiltins": "error",
        "noRedeclare": "error",
        "noShadowRestrictedNames": "error",
        "noUnsafeNegation": "error",
        "useDefaultSwitchClauseLast": "error",
        "useGetterReturn": "error",
        "useValidTypeof": "error"
      },
      "style": {
        "noNonNullAssertion": "warn",
        "useNamingConvention": {
          "level": "error",
          "options": {
            "strictCase": false
          }
        },
        "noArguments": "error",
        "noCommaOperator": "error",
        "noNegationElse": "error",
        "noParameterAssign": "warn",
        "noVar": "error",
        "useBlockStatements": "error",
        "useCollapsedElseIf": "error",
        "useConsistentArrayType": "error",
        "useConsistentBuiltinInstantiation": "error",
        "useShorthandFunctionType": "error",
        "useSingleCaseStatement": "error",
        "useSingleVarDeclarator": "error",
        "useTemplate": "error"
      },
      "a11y": {
        "useAltText": "error",
        "noAutofocus": "error",
        "noAriaUnsupportedElements": "error",
        "useValidAnchor": "error",
        "useValidAriaRole": "error",
        "useValidAriaValues": "error"
      },
      "nursery": {
        "useSortedClasses": "error"
      }
    }
  },
  "formatter": {
    "enabled": true,
    "lineWidth": 100,
    "indentWidth": 2,
    "lineEnding": "lf"
  },
  "javascript": {
    "formatter": {
      "quoteStyle": "single",
      "trailingCommas": "es5",
      "semicolons": "always"
    }
  },
  "json": {
    "formatter": {
      "enabled": true
    }
  },
  "css": {
    "formatter": {
      "enabled": true
    }
  },
  "files": {
    "ignore": [
      "node_modules",
      "dist",
      "build",
      ".next",
      ".turbo",
      "coverage",
      "reports",
      "*.min.js",
      "*.d.ts"
    ]
  }
}
