[{"name":"vc.builder","duration":7811948,"timestamp":85523439336,"id":"6787b4a3-bb21-4164-84e8-956465ce8048","parentId":"d53a042d-a82a-4c92-916e-ce91eecafe94","tags":{"name":"@vercel/static-build"},"startTime":1771005896528},{"name":"vc.builder.diagnostics","duration":14,"timestamp":85531251337,"id":"2de56854-3ac0-42a4-ac7e-bb0f2d1617e4","parentId":"6787b4a3-bb21-4164-84e8-956465ce8048","tags":{},"startTime":1771005904340},{"name":"vc.builder.writeBuildResult","duration":1649,"timestamp":85531251377,"id":"0cd3d5bb-c2a4-433d-88f9-8ce2737c24a0","parentId":"6787b4a3-bb21-4164-84e8-956465ce8048","tags":{"buildOutputLength":"1"},"startTime":1771005904340},{"name":"vc.doBuild","duration":8033179,"timestamp":85523277666,"id":"d53a042d-a82a-4c92-916e-ce91eecafe94","parentId":"9fa8803e-1649-4b1f-8ce1-2ea62a155f45","tags":{},"startTime":1771005896366},{"name":"vc","duration":8045984,"timestamp":85523264871,"id":"9fa8803e-1649-4b1f-8ce1-2ea62a155f45","tags":{},"startTime":1771005896353}]