{
  "//": "This file was generated by the `vercel build` command. It is not part of the Build Output API.",
  "target": "preview",
  "argv": [
    "/opt/homebrew/Cellar/node/25.5.0/bin/node",
    "/opt/homebrew/bin/vercel",
    "build"
  ],
  "builds": [
    {
      "require": "@vercel/static-build",
      "requirePath": "/opt/homebrew/lib/node_modules/vercel/node_modules/@vercel/static-build/dist/index",
      "apiVersion": 2,
      "src": "package.json",
      "use": "@vercel/static-build",
      "config": {
        "zeroConfig": true,
        "framework": "vite",
        "buildCommand": "npm run build",
        "outputDirectory": "dist"
      }
    }
  ]
}
